'ID'	'NO'	'NAME'	'LOGIN_ID'	'PASSWORD_DIGEST'	'CHOICE_ID'	'ROLE_ID'	'ORGANIZATION_ID'	'LAST_LOGIN_AT'	'N_OF_LOGIN_FAILES'	'VALIDITY'
'1'	'user1000a'	'{"ja":"ユーザ1000a", "en":"name1000a"}'	'u1000a'	'$2a$12$xNTtSg89Tm0dbDwF3AyJw.kTOIy8uc4OGztiLLU/saOP9Dd9NxIWS'	'$2a$12$tS3nKpP1N.fd3N46JwDh9.hoWN6s6hYll8pp7gu4ByTyWKSW4l0UO'	'3'	'1'		'0'	'1'
'2'	'user1100a'	'{"ja":"ユーザ1100a", "en":"name1100a"}'	'u1100a'	'$2a$12$.nUBbqA.WkGQSscDG9uMMemxKHag5MgjvbfIoI5S40dMhstIv0t/W'	'$2a$12$y86yz0r.RHtDsWhfKcx2z.DoDP.x1OQXDWb46jK3.bs1JI730nz1e'	'3'	'2'		'0'	'1'
'3'	'user1110a'	'{"ja":"ユーザ1110a", "en":"name1110a"}'	'u1110a'	'$2a$12$ZIOR4SkNeZmSaekA5K.0qu7gq6RaIY94RXmMWLyxE4gCNgq8qPVzS'	'$2a$12$./KwzB3cQZeaMVo25RUCGuDnmyDE9Jj7uwy6Az5tE8D23sSs6xVtm'	'3'	'3'		'0'	'1'
'4'	'user1110b'	'{"ja":"ユーザ1110b", "en":"name1110b"}'	'u1110b'	'$2a$12$gS4owNNYcEDiHil6uSU.GeqIxJG7bOJQWbBEaRPcaO/I947m8Bdlq'	'$2a$12$4LP7owXlvvmZePoTT7YWv.EWOgANFeBs29pO/AUqpq5LUG/p8fXBm'	'2'	'3'		'0'	'1'
'5'	'user1110c'	'{"ja":"ユーザ1110c", "en":"name1110c"}'	'u1110c'	'$2a$12$hcnHI5aFefy35OrW20NJ4OIKiaABEwnJoIS9w7dZvQu4wjEDPKtm2'	'$2a$12$CdBpgeakq4xEYG6hqYPEIO36T9qmEGqtzlZFVEuWuEjRKRG1HR3zK'	'3'	'3'		'0'	'1'
'6'	'user1111a'	'{"ja":"ユーザ1111a", "en":"name1111a"}'	'u1111a'	'$2a$12$2tq6TR.u3rCwXPrtDL2tnuyeZ3rt6i9hxx1LwvYtDwXjo8azjFekK'	'$2a$12$dRz557CK6QU.dSMoE7WmPeWHTY3nnOoS2.ZWZMan.0bLXkZgxNqFC'	'1'	'4'		'0'	'1'
'7'	'user1111b'	'{"ja":"ユーザ1111b", "en":"name1111b"}'	'u1111b'	'$2a$12$fEGDSk6nq2zGc7wapPFjFuzerYtoJ470RedVGcSJSu0uM7Nhg196C'	'$2a$12$5xBQ4UUk30NXACKaDnJIkuCtIg78cquGWhvQnTpEWmnNoEDO3ahN.'	'1'	'4'		'0'	'1'
'8'	'user1111c'	'{"ja":"ユーザ1111c", "en":"name1111c"}'	'u1111c'	'$2a$12$zPhtgbcW3xDhz/BuTegAQesxuNR9iUV7sMyn.OZZQUZyAFpFiJq0m'	'$2a$12$/5FqMqfb0nA0WlOQH16ql.Kz/OiA09moRCyXnz0gQlLpkyqXQkfGq'	'1'	'4'		'0'	'1'
'9'	'user1112a'	'{"ja":"ユーザ1112a", "en":"name1112a"}'	'u1112a'	'$2a$12$dsjgB5DqWyym0x/aGEHsbuhqh6tTzXdtVtlaxSiSthydFzcbkMj.6'	'$2a$12$WGc7vZHq6z.k0s1WrDG3JOvc03L5nMvGIVJBIBMteVLwHFW6nKeQm'	'1'	'5'		'0'	'1'
'10'	'user1112b'	'{"ja":"ユーザ1112b", "en":"name1112b"}'	'u1112b'	'$2a$12$Ug3ld3/KKQKdgOO6eNaECefOzaTM.bYuVUj4T93Cx7.dDpLf6buh6'	'$2a$12$yAcqWBZHzoNcdAnAq6Nav.5PomLDVpxu6INBOzPC8rzo9XRPRVZJq'	'1'	'5'		'0'	'1'
'11'	'user1112c'	'{"ja":"ユーザ1112c", "en":"name1112c"}'	'u1112c'	'$2a$12$R7LMIfbS0AXU055HWcMMkex87taNCZ0q.g/BjWWXpY2lFmqMcRiOC'	'$2a$12$sfQDxCCrlRHA8QkLJzvqMeSJLIpGCbr4AtOLcDi9Z.4HO5ox0QE6W'	'1'	'5'		'0'	'1'
'12'	'user1112d'	'{"ja":"ユーザ1112d", "en":"name1112d"}'	'u1112d'	'$2a$12$dMF708AP.1vMrXfxQI9wCuhOWTB6W9B/vrrjqEDy7u.PW5GcUp8zq'	'$2a$12$XeSHq8f9EnaEVAFoGlfw1O4029Z3Kt0i8YlUueO/j0sPoEW5kUWgm'	'1'	'5'		'0'	'1'
'13'	'user1120a'	'{"ja":"ユーザ1120a", "en":"name1120a"}'	'u1120a'	'$2a$12$bygUSavn6FV81YnjhFSpCeGdBWybAjqpFnz3myiiOg/0TBnUsngwy'	'$2a$12$.Yd6x0AXjjxUwtVJj7pWvulJg.0PaOv.vCXzQ5JzrkRbPgkEP6bmq'	'2'	'6'		'0'	'1'
'14'	'user1120b'	'{"ja":"ユーザ1120b", "en":"name1120b"}'	'u1120b'	'$2a$12$TT8goodWTocB8zcF7yUtSOWi0uMLTT7R.rcI8KICVB42PV.p5oeza'	'$2a$12$CwprimjUYSS1F.0krHaDteZphDzMr0GT/WjMwZOV.0WtfPvbphef2'	'2'	'6'		'0'	'1'
'15'	'user1121a'	'{"ja":"ユーザ1121a", "en":"name1121a"}'	'u1121a'	'$2a$12$j.eQlLeJhQHdZDayyD0FAupOFH0L68h/iHWsKRtadLZfBSplLRc2u'	'$2a$12$6c2MyzPbT9DS9UtmxSl2XuTP0Hzvb.p1uqjQJ4VRZk/RH..biJ8Me'	'1'	'7'		'0'	'1'
'16'	'user1121b'	'{"ja":"ユーザ1121b", "en":"name1121b"}'	'u1121b'	'$2a$12$nY7C2m25XgaTtNTrfDfCpe1OBd3pfgNomNzaoOdkePuLcAWzUBV4O'	'$2a$12$sil9ZzqN7BvnYFE75aWGVeH17i.XqgrtFojBMzsPnWkXPTjlSs6FO'	'1'	'7'		'0'	'1'
'17'	'user1121c'	'{"ja":"ユーザ1121c", "en":"name1121c"}'	'u1121c'	'$2a$12$1zCjAMOTX1gdUplORqiWjOcoWfu4FQR1FH6WRGxaGoOqf6DSFnbY.'	'$2a$12$96QGKZudKYdGCuLyTkQJPefjYeYfoaYRKmqe3w.ambTGHCBv67Fpa'	'1'	'7'		'0'	'1'
'18'	'user1122a'	'{"ja":"ユーザ1122a", "en":"name1122a"}'	'u1122a'	'$2a$12$WTRP4effzDuU.n5CUMRHmuPkjXhS8nAPH09ArTbWXNPMBFDXNGfTa'	'$2a$12$.BS53gzUL9fjlDr51iKY6uRENkmSrzzYn0NmTNiRnKuSox1bxbkRS'	'1'	'8'		'0'	'1'
'19'	'user1122b'	'{"ja":"ユーザ1122b", "en":"name1122b"}'	'u1122b'	'$2a$12$6dI/J0gcSr77Gqwe1XR7Ze.DnxlP6KwE4lJ1Cm2SVd1S8ARvOQg5i'	'$2a$12$Mob49gnhwDkfBEsEDISJrut4V3TlPZfGFC/pdfFV/30WP.bNmF0Eu'	'1'	'8'		'0'	'1'
'20'	'user1122c'	'{"ja":"ユーザ1122c", "en":"name1122c"}'	'u1122c'	'$2a$12$Lv5tURFSG3o51KFUscx4A.Ox6lrghg0t6NCEbVrX8bW9HFzqJoC9i'	'$2a$12$jgexQiu/NnMsja2ZQ33b7OuiTWSBLB3fBmmOz1LbpKBTVQH4PXfKe'	'1'	'8'		'0'	'1'
'21'	'user2000a'	'{"ja":"ユーザ2000a", "en":"name2000a"}'	'u2000a'	'$2a$12$TLxi5UPPuEwwNJEy/5.3eO0BeRaOXN25KHQL6l9hG1eTDOw6mppxC'	'$2a$12$wq9NWMYP401PW1mbhM3Vr.2g72MKKc2vrS0yPXms83d.dSul2gJHC'	'3'	'9'		'0'	'1'
'22'	'user2100a'	'{"ja":"ユーザ2100a", "en":"name2100a"}'	'u2100a'	'$2a$12$39oJRl5Jhv5lHa9EzCXoiuGTJOQW2xrmmlIGiL3pP7YzK2HekpHcK'	'$2a$12$R35Kth/cJ9yNtctyclkcR.MurOkqpCLgkcS5bL4o249fGnxKh/S0G'	'3'	'10'		'0'	'1'
'23'	'user2110a'	'{"ja":"ユーザ2110a", "en":"name2110a"}'	'u2110a'	'$2a$12$6GUXVua8fG5YZRJG4d1ZBuO5mPOFqZExT7esEMGKjh91EjMEJJ4vi'	'$2a$12$fR9moPbxP192YvfPyT24q.t0e91dZw9cv94fOm8zq6NJ04XV8s//u'	'2'	'11'		'0'	'1'
'24'	'user2111a'	'{"ja":"ユーザ2111a", "en":"name2111a"}'	'u2111a'	'$2a$12$Oknmb9oPeUc4kmLdNQ0xQ.YfGCKZwuyjNGwkjDcEdjto954EUTxbe'	'$2a$12$G2b3q0ph8rFcSCOAXrarSuw8/LY9cIVu7rx9Lyc3jKv1CrymKTnPm'	'2'	'12'		'0'	'1'
